24/7 - Новини України,путін зустрічі шойгу наказав припинити штурм Азовсталі Він наразі недоцільно Водночас шойгу відзвітував Маріуполь повністю контролем росії 247 Новини України,2022-04-21 13:18:33,uk
24/7 - Новини України,путін зустрічі шойгу наказав припинити штурм Азовсталі Він наразі недоцільно Водночас шойгу відзвітував Маріуполь повністю контролем росії 247 Новини України,2022-04-21 13:18:33,uk
24/7 - Новини України,путін зустрічі шойгу наказав припинити штурм Азовсталі Він наразі недоцільно Водночас шойгу відзвітував Маріуполь повністю контролем росії 247 Новини України,2022-04-21 13:18:33,uk
24/7 - Новини України,путін зустрічі шойгу наказав припинити штурм Азовсталі Він наразі недоцільно Водночас шойгу відзвітував Маріуполь повністю контролем росії 247 Новини України,2022-04-21 13:18:33,uk
24/7 - Новини України,путін зустрічі шойгу наказав припинити штурм Азовсталі Він наразі недоцільно Водночас шойгу відзвітував Маріуполь повністю контролем росії 247 Новини України,2022-04-21 13:18:33,uk
24/7 - Новини України,путін зустрічі шойгу наказав припинити штурм Азовсталі Він наразі недоцільно Водночас шойгу відзвітував Маріуполь повністю контролем росії 247 Новини України,2022-04-21 13:18:33,uk
24/7 - Новини України,Медведчук звернувся путіна Зеленського проханням обмін захисників мирних жителів Маріуполя 247 Новини України,2022-04-18 14:32:48,uk
24/7 - Новини України,путін зустрічі шойгу наказав припинити штурм Азовсталі Він наразі недоцільно Водночас шойгу відзвітував Маріуполь повністю контролем росії 247 Новини України,2022-04-21 13:18:33,uk
24/7 - Новини України,Медведчук звернувся путіна Зеленського проханням обмін захисників мирних жителів Маріуполя 247 Новини України,2022-04-18 14:32:48,uk
24/7 - Новини України,путін зустрічі шойгу наказав припинити штурм Азовсталі Він наразі недоцільно Водночас шойгу відзвітував Маріуполь повністю контролем росії 247 Новини України,2022-04-21 13:18:33,uk
24/7 - Новини України,Медведчук звернувся путіна Зеленського проханням обмін захисників мирних жителів Маріуполя 247 Новини України,2022-04-18 14:32:48,uk
24/7 - Новини України,путін зустрічі шойгу наказав припинити штурм Азовсталі Він наразі недоцільно Водночас шойгу відзвітував Маріуполь повністю контролем росії 247 Новини України,2022-04-21 13:18:33,uk
24/7 - Новини України,Медведчук звернувся путіна Зеленського проханням обмін захисників мирних жителів Маріуполя 247 Новини України,2022-04-18 14:32:48,uk
