FTP,Организация Договора коллективной безопасности ОДКБ расширяться войдут десятки стран заявил глава Минобороны Белоруссии Виктор Хренин Я думаю организация расширяться Мы скоро увидим изменится мироустройство ОДКБ продемонстрировала боеготовность миролюбие думаю стран Это десятки государств ценят стабильность агрессивность изменение политического строя государств Хренин белорусской военной газете Во славу Родины,2022-05-15 18:00:33,ru
FTP,Организация Договора коллективной безопасности ОДКБ расширяться войдут десятки стран заявил глава Минобороны Белоруссии Виктор Хренин Я думаю организация расширяться Мы скоро увидим изменится мироустройство ОДКБ продемонстрировала боеготовность миролюбие думаю стран Это десятки государств ценят стабильность агрессивность изменение политического строя государств Хренин белорусской военной газете Во славу Родины,2022-05-15 18:00:33,ru
FTP,Организация Договора коллективной безопасности ОДКБ расширяться войдут десятки стран заявил глава Минобороны Белоруссии Виктор Хренин Я думаю организация расширяться Мы скоро увидим изменится мироустройство ОДКБ продемонстрировала боеготовность миролюбие думаю стран Это десятки государств ценят стабильность агрессивность изменение политического строя государств Хренин белорусской военной газете Во славу Родины,2022-05-15 18:00:33,ru
FTP,Организация Договора коллективной безопасности ОДКБ расширяться войдут десятки стран заявил глава Минобороны Белоруссии Виктор Хренин Я думаю организация расширяться Мы скоро увидим изменится мироустройство ОДКБ продемонстрировала боеготовность миролюбие думаю стран Это десятки государств ценят стабильность агрессивность изменение политического строя государств Хренин белорусской военной газете Во славу Родины,2022-05-15 18:00:33,ru
FTP,Организация Договора коллективной безопасности ОДКБ расширяться войдут десятки стран заявил глава Минобороны Белоруссии Виктор Хренин Я думаю организация расширяться Мы скоро увидим изменится мироустройство ОДКБ продемонстрировала боеготовность миролюбие думаю стран Это десятки государств ценят стабильность агрессивность изменение политического строя государств Хренин белорусской военной газете Во славу Родины,2022-05-15 18:00:33,ru
FTP,Организация Договора коллективной безопасности ОДКБ расширяться войдут десятки стран заявил глава Минобороны Белоруссии Виктор Хренин Я думаю организация расширяться Мы скоро увидим изменится мироустройство ОДКБ продемонстрировала боеготовность миролюбие думаю стран Это десятки государств ценят стабильность агрессивность изменение политического строя государств Хренин белорусской военной газете Во славу Родины,2022-05-15 18:00:33,ru
FTP,Россияне стали красть магазинов За последние месяца число краж увеличилось 18 следует данных NTechLab Самые популярные товары воришек кондитерские изделия колбасы алкоголь сыры кофе какао А трендом стало хищение товаров кассах самообслуживания Количество таких махинаций февраля апрель выросло 34,2022-05-15 17:36:01,ru
FTP,Организация Договора коллективной безопасности ОДКБ расширяться войдут десятки стран заявил глава Минобороны Белоруссии Виктор Хренин Я думаю организация расширяться Мы скоро увидим изменится мироустройство ОДКБ продемонстрировала боеготовность миролюбие думаю стран Это десятки государств ценят стабильность агрессивность изменение политического строя государств Хренин белорусской военной газете Во славу Родины,2022-05-15 18:00:33,ru
FTP,Россияне стали красть магазинов За последние месяца число краж увеличилось 18 следует данных NTechLab Самые популярные товары воришек кондитерские изделия колбасы алкоголь сыры кофе какао А трендом стало хищение товаров кассах самообслуживания Количество таких махинаций февраля апрель выросло 34,2022-05-15 17:36:01,ru
FTP,Организация Договора коллективной безопасности ОДКБ расширяться войдут десятки стран заявил глава Минобороны Белоруссии Виктор Хренин Я думаю организация расширяться Мы скоро увидим изменится мироустройство ОДКБ продемонстрировала боеготовность миролюбие думаю стран Это десятки государств ценят стабильность агрессивность изменение политического строя государств Хренин белорусской военной газете Во славу Родины,2022-05-15 18:00:33,ru
FTP,Россияне стали красть магазинов За последние месяца число краж увеличилось 18 следует данных NTechLab Самые популярные товары воришек кондитерские изделия колбасы алкоголь сыры кофе какао А трендом стало хищение товаров кассах самообслуживания Количество таких махинаций февраля апрель выросло 34,2022-05-15 17:36:01,ru
FTP,Организация Договора коллективной безопасности ОДКБ расширяться войдут десятки стран заявил глава Минобороны Белоруссии Виктор Хренин Я думаю организация расширяться Мы скоро увидим изменится мироустройство ОДКБ продемонстрировала боеготовность миролюбие думаю стран Это десятки государств ценят стабильность агрессивность изменение политического строя государств Хренин белорусской военной газете Во славу Родины,2022-05-15 18:00:33,ru
FTP,Россияне стали красть магазинов За последние месяца число краж увеличилось 18 следует данных NTechLab Самые популярные товары воришек кондитерские изделия колбасы алкоголь сыры кофе какао А трендом стало хищение товаров кассах самообслуживания Количество таких махинаций февраля апрель выросло 34,2022-05-15 17:36:01,ru
